{"count":1,"gauges":{},"self":7.9088863999999992,"total":7.9224362999999993,"children":{"AgentSendState":{"count":380,"self":0.0057849,"total":0.0057849,"children":null},"DecideAction":{"count":380,"self":0.0028575,"total":0.0028575,"children":null},"AgentAct":{"count":380,"self":0.0029135999999999997,"total":0.0029135999999999997,"children":null}}}