{"count":1,"gauges":{"MLAgent.CumulativeReward":{"count":1,"max":60.8334122,"min":60.8334122,"value":60.8334122,"weightedAverage":60.8334122}},"self":108.71404799999999,"total":117.18935929999999,"children":{"AgentSendState":{"count":5603,"self":0.0905859,"total":0.11923439999999999,"children":{"CollectObservations":{"count":1868,"self":0.0286485,"total":0.0286485,"children":null}}},"DecideAction":{"count":5603,"self":8.181892,"total":8.1818923,"children":null},"AgentAct":{"count":5603,"self":0.17219299999999998,"total":0.17219299999999998,"children":null}}}